Title,Company,Location,Type,Link,Applied?
Junior Integrations Developer,Agility Partners,United States,Easy Apply,https://www.linkedin.com/jobs/view/3038027346/
Junior Java Developer (1018932),Tier4 Group,"Atlanta, GA",Easy Apply,https://www.linkedin.com/jobs/view/3004970543/
Junior Java Developer,Global Touchpoints Inc.,United States,Easy Apply,https://www.linkedin.com/jobs/view/3009120230/
Junior Salesforce Developer,XCentium,United States,Easy Apply,https://www.linkedin.com/jobs/view/3007596265/
Web Developer - Remote,TrackFive,"Lancaster, PA",Easy Apply,https://www.linkedin.com/jobs/view/3049444320/
Junior Software Developer,Canix,United States,Easy Apply,https://www.linkedin.com/jobs/view/3042734528/
Junior Developer,Material,United States,Easy Apply,https://www.linkedin.com/jobs/view/2995406936/
Junior Developer-- Salesforce,IPG Health,"New York, United States",Easy Apply,https://www.linkedin.com/jobs/view/2945570741/
Junior Frontend Developer,Airtonomy,United States,Easy Apply,https://www.linkedin.com/jobs/view/3048038160/
Junior .NET Developer,Strategic Systems Inc,"Peoria, IL",Easy Apply,https://www.linkedin.com/jobs/view/2976013593/
Junior .net Developer,"RSM Solutions, Inc",United States,Easy Apply,https://www.linkedin.com/jobs/view/2979868990/
Junior Frontend Developer,Zync,United States,Easy Apply,https://www.linkedin.com/jobs/view/3042738051/
Shopify Developer At Web Agency (Contract Position),First and Third,United States,Easy Apply,https://www.linkedin.com/jobs/view/3050252979/
Junior Python Developer,ATR International,United States,Easy Apply,https://www.linkedin.com/jobs/view/3006433834/
Junior Java Developer,"Pyramid Consulting, Inc",United States,Easy Apply,https://www.linkedin.com/jobs/view/3038396486/
Junior Java Developer,Insight Global,United States,Easy Apply,https://www.linkedin.com/jobs/view/3046943705/
Junior Java Developer,"Reqroute, Inc","Newark, NJ",Easy Apply,https://www.linkedin.com/jobs/view/3002511083/
Remote Junior Ruby Developer,TekStream Solutions,United States,Easy Apply,https://www.linkedin.com/jobs/view/3010415938/
Junior Dotnet Developer,Dearman Systems,United States,Easy Apply,https://www.linkedin.com/jobs/view/3045207454/
Web Developer,TrackFive,Dallas-Fort Worth Metroplex,Easy Apply,https://www.linkedin.com/jobs/view/3049442592/
Junior Application Developer | Remote,"Cardinal Financial Company, Limited Partnership",United States,Easy Apply,https://www.linkedin.com/jobs/view/2982783144/
Junior Java Developer,Zensar Technologies,United States,Easy Apply,https://www.linkedin.com/jobs/view/3032150661/
Junior Webmethods Developer,Cognizant,"Ohio, United States",Easy Apply,https://www.linkedin.com/jobs/view/3009113961/
Junior Java Developer,StaffChase,United States,Easy Apply,https://www.linkedin.com/jobs/view/3046570716/
Junior Java Developer.,Virtusa,"Pittsburgh, PA",Easy Apply,https://www.linkedin.com/jobs/view/2900076792/
